Category,codigo_de_stock
Foodies,85123a
Moda,71053
Moda,84406B
Aventura,84029G
Tecnologia,84029E
Aventura,22752
Moda,21730
Tecnologia,22633
Tecnologia,22632
Health & Wellness,22960
Foodies,22913
Health & Wellness,22912
Aventura,22914
Aventura,22745
Foodies,22748
Foodies,22749
Moda,22310
Aventura,84969
Aventura,22623
Health & Wellness,22622
Tecnologia,21754
Tecnologia,21755
Tecnologia,21777
Aventura,48187
Health & Wellness,21756
Tecnologia,22728
Health & Wellness,22727
Foodies,22726
Foodies,21724
Tecnologia,21883
Moda,10002
Moda,21791
Tecnologia,21035
Health & Wellness,22326
Tecnologia,22629
Health & Wellness,22659
Health & Wellness,22631
Health & Wellness,22661
Health & Wellness,21731
Foodies,22900
Moda,21913
Tecnologia,22540
Foodies,22544
Aventura,22492
Health & Wellness,POST
Aventura,22086
Health & Wellness,20679
Tecnologia,37370
Health & Wellness,21871
Health & Wellness,21071
Tecnologia,21068
Tecnologia,82483
Foodies,82486
Moda,82482
Foodies,82494L
Foodies,82494l
Aventura,21258
Health & Wellness,22114
Aventura,21733
Health & Wellness,22386
Tecnologia,85099C
Tecnologia,21033
Moda,20723
Health & Wellness,84997B
Health & Wellness,84997b
Moda,84997C
Moda,84997c
Tecnologia,21094
Health & Wellness,21559
Health & Wellness,22352
Health & Wellness,21975
Tecnologia,21977
Foodies,84991
Aventura,84519A
Moda,85183B
Tecnologia,85071B
Moda,21931
Aventura,21929
Foodies,22961
Moda,22139
Aventura,84854
Health & Wellness,22411
Foodies,82567
Tecnologia,21672
Foodies,22774
Moda,22771
Tecnologia,71270
Moda,22262
Tecnologia,22637
Health & Wellness,21934
Foodies,21169
Aventura,21166
Foodies,21175
Foodies,37444A
Aventura,37444C
Foodies,22083
Tecnologia,84971S
Foodies,47580
Health & Wellness,22261
Tecnologia,84832
Moda,22644
Aventura,21533
Tecnologia,21557
Tecnologia,15056BL
Tecnologia,15056bl
Foodies,15056N
Foodies,15056n
Health & Wellness,22646
Tecnologia,22176
Aventura,22438
Tecnologia,22778
Health & Wellness,22719
Health & Wellness,21523
Tecnologia,D
Aventura,21912
Health & Wellness,21832
Health & Wellness,22379
Tecnologia,22381
Aventura,22798
Health & Wellness,22926
Health & Wellness,22839
Moda,22838
Health & Wellness,22783
Health & Wellness,35004C
Aventura,82484
Moda,84755
Tecnologia,22464
Health & Wellness,21324
Foodies,22457
Health & Wellness,22469
Tecnologia,22470
Moda,22224
Tecnologia,21340
Moda,22189
Moda,22427
Health & Wellness,22428
Moda,22424
Foodies,22663
Tecnologia,85049A
Tecnologia,85049a
Health & Wellness,22168
Health & Wellness,22662
Foodies,84880
Tecnologia,79321
Aventura,22780
Moda,22779
Moda,22466
Tecnologia,21363
Tecnologia,21411
Aventura,22318
Moda,22915
Tecnologia,22922
Health & Wellness,22969
Health & Wellness,22923
Health & Wellness,21115
Foodies,22242
Moda,22941
Aventura,21622
Health & Wellness,35004G
Health & Wellness,85014B
Moda,85014A
Moda,85014a
Tecnologia,22193
Aventura,22192
Health & Wellness,22191
Tecnologia,22195
Moda,22196
Health & Wellness,22962
Health & Wellness,22963
Tecnologia,22968
Foodies,84970S
Foodies,84970s
Moda,22910
Tecnologia,20668
Tecnologia,22198
Tecnologia,21080
Foodies,21086
Health & Wellness,21786
Aventura,22654
Tecnologia,21485
Health & Wellness,84030E
Health & Wellness,84030e
Tecnologia,22174
Moda,22556
Health & Wellness,21984
Aventura,21983
Foodies,21980
Foodies,21484
Health & Wellness,22557
Foodies,22553
Health & Wellness,22150
Aventura,22619
Moda,21891
Aventura,21889
Tecnologia,22827
Foodies,22127
Tecnologia,22128
Moda,22502
Foodies,22338
Health & Wellness,22180
Moda,21506
Tecnologia,22866
Aventura,22865
Moda,22632
Aventura,22349
Aventura,22558
Health & Wellness,85152
Aventura,22652
Health & Wellness,22188
Tecnologia,21314
Tecnologia,22730
Aventura,22729
Tecnologia,22867
Aventura,35004B
Tecnologia,22803
Foodies,21844
Tecnologia,22468
Moda,48185
Health & Wellness,21232
Moda,22064
Tecnologia,22449
Tecnologia,22835
Foodies,22112
Health & Wellness,21479
Health & Wellness,22111
Aventura,22110
Aventura,22098
Moda,22100
Tecnologia,22766
Health & Wellness,22451
Foodies,22549
Health & Wellness,84744
Health & Wellness,85049e
Health & Wellness,85049E
Tecnologia,21328
Health & Wellness,17091A
Health & Wellness,22473
Moda,84509A
Moda,84509a
Moda,84510A
Moda,84510a
Moda,22767
Foodies,22768
Moda,21463
Aventura,21464
Aventura,20820
Aventura,85150
Moda,22117
Moda,48129
Tecnologia,82580
Tecnologia,82578
Foodies,82581
Moda,22413
Tecnologia,21907
Moda,22441
Moda,21122
Moda,22851
Tecnologia,22810
Tecnologia,22809
Moda,22435
Aventura,20966
Tecnologia,20963
Aventura,20961
Health & Wellness,22068
Foodies,21743
Tecnologia,21744
Aventura,84709B
Tecnologia,21592
Foodies,21587
Moda,20992
Aventura,22804
Health & Wellness,20749
Health & Wellness,22382
Tecnologia,20726
Tecnologia,22384
Moda,22467
Aventura,84625C
Health & Wellness,84625A
Tecnologia,21108
Moda,22848
Moda,22837
Tecnologia,22297
Foodies,22772
Health & Wellness,22773
Aventura,22805
Tecnologia,21125
Foodies,21126
Foodies,85049C
Foodies,85049c
Health & Wellness,85049D
Health & Wellness,85049d
Health & Wellness,85049G
Health & Wellness,85049g
Foodies,21061
Tecnologia,21063
Tecnologia,21062
Aventura,84380
Foodies,84378
Tecnologia,22964
Aventura,21213
Aventura,22417
Health & Wellness,84992
Tecnologia,22383
Health & Wellness,20728
Aventura,22296
Moda,20914
Tecnologia,22537
Moda,22533
Aventura,20982
Moda,21915
Tecnologia,21914
Aventura,21544
Health & Wellness,22813
Tecnologia,84375
Foodies,22418
Moda,22178
Health & Wellness,84970L
Health & Wellness,84970l
Foodies,22465
Moda,84949
Tecnologia,20685
Tecnologia,48194
Moda,22488
Aventura,22219
Aventura,22610
Foodies,22716
Moda,22706
Foodies,22371
Foodies,21210
Foodies,16237
Tecnologia,22714
Foodies,22812
Aventura,84347
Tecnologia,22736
Moda,22620
Health & Wellness,21705
Moda,90199C
Health & Wellness,22785
Foodies,22975
Aventura,22972
Tecnologia,22568
Aventura,85116
Moda,22664
Health & Wellness,21609
Aventura,21866
Aventura,20669
Health & Wellness,90129F
Moda,90210B
Foodies,21955
Health & Wellness,72802C
Health & Wellness,72802c
Health & Wellness,22109
Foodies,22531
Moda,21811
Aventura,22183
Moda,21678
Tecnologia,21676
Moda,85169B
Aventura,16238
Foodies,84906
Health & Wellness,21867
Moda,22075
Moda,21326
Foodies,21065
Aventura,22074
Health & Wellness,20713
Moda,21116
Moda,21824
Health & Wellness,21823
Moda,22153
Moda,85099F
Moda,85099f
Health & Wellness,20717
Health & Wellness,22328
Aventura,22327
Tecnologia,22630
Aventura,21245
Aventura,21244
Tecnologia,21242
Foodies,21243
Moda,22273
Health & Wellness,22940
Tecnologia,22759
Aventura,21880
Tecnologia,21738
Moda,22077
Aventura,21448
Tecnologia,22243
Tecnologia,22141
Tecnologia,22144
Health & Wellness,21739
Moda,22271
Health & Wellness,22274
Foodies,22751
Tecnologia,21034
Tecnologia,22570
Health & Wellness,22569
Foodies,22902
Aventura,21710
Aventura,21708
Tecnologia,21711
Health & Wellness,22179
Health & Wellness,21706
Aventura,85184C
Aventura,22988
Health & Wellness,20750
Health & Wellness,22952
Moda,22739
Aventura,22738
Aventura,22909
Foodies,35591T
Foodies,22186
Tecnologia,22695
Health & Wellness,22580
Foodies,22147
Health & Wellness,22130
Moda,22694
Tecnologia,21790
Tecnologia,22149
Health & Wellness,22321
Moda,22594
Moda,22593
Moda,22595
Health & Wellness,21986
Tecnologia,22750
Health & Wellness,22616
Tecnologia,22775
Health & Wellness,22899
Foodies,22367
Aventura,22942
Aventura,21976
Tecnologia,22951
Tecnologia,22834
Tecnologia,21916
Health & Wellness,22587
Moda,22566
Moda,22565
Health & Wellness,22472
Foodies,22551
Moda,22554
Moda,22534
Tecnologia,22529
Health & Wellness,22530
Tecnologia,84032B
Tecnologia,85049H
Moda,22807
Aventura,21494
Tecnologia,22938
Tecnologia,21892
Aventura,21890
Moda,21718
Tecnologia,21716
Health & Wellness,21715
Moda,22113
Tecnologia,22358
Tecnologia,22357
Foodies,22115
Foodies,21481
Health & Wellness,22585
Aventura,21556
Tecnologia,22645
Moda,22650
Moda,22508
Tecnologia,22511
Moda,22829
Tecnologia,21154
Foodies,17021
Moda,22059
Health & Wellness,84678
Tecnologia,85172
Foodies,22142
Moda,21591
Moda,22480
Moda,22294
Moda,21156
Moda,10133
Moda,10135
Tecnologia,72800E
Tecnologia,84836
Tecnologia,20774
Aventura,20773
Tecnologia,20777
Foodies,16016
Foodies,16014
Health & Wellness,21651
Tecnologia,22618
Aventura,21586
Tecnologia,22152
Foodies,84754
Tecnologia,22670
Health & Wellness,84849B
Tecnologia,22927
Tecnologia,22925
Moda,21259
Moda,21257
Health & Wellness,21121
Moda,82552
Aventura,90200B
Health & Wellness,90059B
Moda,90185C
Tecnologia,90059E
Tecnologia,90059C
Foodies,90200C
Moda,90200D
Aventura,90200A
Tecnologia,22737
Moda,21260
Health & Wellness,22744
Foodies,21985
Tecnologia,22295
Health & Wellness,16258A
Health & Wellness,21992
Moda,21124
Aventura,22735
Tecnologia,22945
Tecnologia,21816
Moda,21815
Aventura,21814
Health & Wellness,10125
Health & Wellness,22573
Moda,22577
Moda,22603
Moda,20878
Foodies,20866
Foodies,85095
Health & Wellness,22333
Moda,21584
Health & Wellness,22731
Foodies,22956
Tecnologia,22582
Moda,85231B
Moda,85231b
Aventura,85231G
Aventura,85231g
Health & Wellness,22082
Health & Wellness,22500
Moda,22742
Moda,21329
Foodies,21327
Health & Wellness,48173C
Health & Wellness,48173c
Moda,72818
Health & Wellness,22312
Moda,21137
Moda,22041
Aventura,20979
Aventura,20977
Health & Wellness,22571
Moda,21621
Aventura,47563A
Health & Wellness,84558A
Health & Wellness,84558a
Tecnologia,21577
Foodies,22087
Health & Wellness,22651
Foodies,22713
Moda,21370
Aventura,21367
Aventura,22376
Health & Wellness,21895
Aventura,22372
Health & Wellness,21190
Health & Wellness,21894
Foodies,70007
Health & Wellness,46000M
Foodies,22712
Tecnologia,22983
Aventura,22024
Tecnologia,21488
Health & Wellness,22895
Tecnologia,22784
Health & Wellness,21441
Moda,84947
Moda,22485
Tecnologia,21794
Aventura,20707
Health & Wellness,22588
Moda,21292
Moda,22760
Foodies,22107
Tecnologia,21486
Tecnologia,22151
Health & Wellness,22643
Tecnologia,22642
Moda,22604
Tecnologia,22099
Aventura,22653
Foodies,22906
Health & Wellness,22754
Aventura,22919
Moda,22917
Moda,22920
Moda,22921
Foodies,22918
Aventura,22916
Aventura,22575
Aventura,21804
Tecnologia,21588
Tecnologia,22955
Tecnologia,22583
Health & Wellness,22241
Moda,22904
Moda,22905
Health & Wellness,22092
Tecnologia,22096
Tecnologia,21358
Foodies,21123
Aventura,21427
Aventura,21930
Moda,20772
Moda,71406C
Moda,84985A
Moda,20754
Aventura,84596E
Aventura,84596e
Aventura,21111
Foodies,22501
Tecnologia,22854
Health & Wellness,84997D
Health & Wellness,84997d
Tecnologia,47599A
Tecnologia,47599B
Tecnologia,20972
Moda,21041
Aventura,21664
Foodies,22907
Foodies,22776
Foodies,21810
Tecnologia,21197
Health & Wellness,85035B
Aventura,84968C
Health & Wellness,21098
Tecnologia,21192
Aventura,72800B
Aventura,84563A
Aventura,47504H
Foodies,21742
Aventura,22481
Tecnologia,22943
Moda,22699
Foodies,22217
Health & Wellness,22227
Foodies,21106
Health & Wellness,21107
Health & Wellness,22697
Tecnologia,21826
Tecnologia,22548
Health & Wellness,17164B
Moda,22429
Moda,20974
Aventura,20973
Tecnologia,15044B
Tecnologia,21135
Health & Wellness,22173
Aventura,22626
Tecnologia,22625
Aventura,22624
Tecnologia,84945
Moda,22244
Tecnologia,47421
Health & Wellness,20712
Health & Wellness,22973
Tecnologia,84569B
Aventura,22815
Foodies,85114B
Foodies,85114b
Health & Wellness,22584
Moda,22454
Tecnologia,85114c
Tecnologia,85114C
Tecnologia,22974
Tecnologia,21452
Tecnologia,22743
Health & Wellness,22911
Aventura,22453
Tecnologia,22445
Tecnologia,22607
Tecnologia,22635
Moda,22634
Foodies,22222
Tecnologia,22947
Health & Wellness,22187
Tecnologia,22164
Health & Wellness,72598
Tecnologia,22627
Moda,22487
Health & Wellness,22360
Health & Wellness,22364
Tecnologia,21657
Moda,22120
Aventura,21038
Moda,21625
Aventura,22097
Foodies,21179
Health & Wellness,22185
Foodies,21662
Moda,85104
Tecnologia,21654
Tecnologia,21658
Tecnologia,21519
Tecnologia,22819
Health & Wellness,22704
Foodies,21498
Moda,22049
Foodies,21497
Aventura,21333
Moda,22194
Moda,22688
Aventura,84692
Aventura,22444
Tecnologia,22555
Health & Wellness,22547
Tecnologia,22543
Moda,22539
Health & Wellness,22561
Tecnologia,22489
Aventura,22814
Aventura,21520
Moda,21982
Moda,21981
Foodies,21967
Foodies,22615
Tecnologia,22614
Aventura,22095
Aventura,22094
Tecnologia,22966
Health & Wellness,21874
Tecnologia,21873
Tecnologia,21870
Health & Wellness,84050
Tecnologia,22315
Aventura,22667
Moda,22666
Tecnologia,22665
Moda,22567
Foodies,82600
Aventura,22842
Tecnologia,22494
Moda,22740
Aventura,22825
Aventura,22680
Health & Wellness,22797
Health & Wellness,21843
Foodies,22118
Tecnologia,22121
Tecnologia,22119
Health & Wellness,22311
Tecnologia,72817
Foodies,22277
Moda,20867
Tecnologia,21688
Tecnologia,21694
Aventura,22800
Foodies,22801
Tecnologia,22781
Moda,21466
Aventura,21467
Aventura,21471
Health & Wellness,21469
Foodies,21524
Moda,22791
Aventura,21690
Aventura,37343
Health & Wellness,22088
Moda,21143
Moda,84944
Health & Wellness,22601
Foodies,22600
Health & Wellness,22574
Tecnologia,85199L
Foodies,85199S
Moda,72741
Moda,37495
Moda,22171
Moda,48184
Health & Wellness,48138
Tecnologia,85019A
Aventura,85019C
Tecnologia,20902
Moda,21429
Moda,85071A
Moda,85071C
Aventura,22355
Foodies,21579
Moda,21576
Health & Wellness,22493
Foodies,21833
Tecnologia,85135B
Health & Wellness,85136A
Health & Wellness,85136C
Tecnologia,21055
Moda,21056
Foodies,C2
Tecnologia,21928
Aventura,20711
Moda,21773
Foodies,21774
Aventura,21787
Health & Wellness,21801
Health & Wellness,21802
Aventura,21803
Health & Wellness,21809
Health & Wellness,21821
Health & Wellness,21822
Foodies,21851
Health & Wellness,21879
Health & Wellness,21884
Aventura,21888
Moda,21911
Foodies,21922
Tecnologia,21935
Health & Wellness,21942
Health & Wellness,21944
Health & Wellness,21949
Tecnologia,21990
Health & Wellness,21991
Aventura,21993
Tecnologia,22037
Foodies,22043
Foodies,22065
Health & Wellness,22067
Aventura,22069
Foodies,22071
Health & Wellness,22076
Health & Wellness,22080
Foodies,22081
Aventura,22090
Moda,22134
Moda,22135
Aventura,22154
Tecnologia,22155
Aventura,22156
Health & Wellness,22161
Health & Wellness,22162
Health & Wellness,22169
Moda,22182
Moda,22190
Moda,22203
Tecnologia,22207
Moda,22265
Tecnologia,22276
Health & Wellness,22299
Moda,22300
Moda,22301
Moda,22309
Moda,22314
Foodies,22335
Health & Wellness,22336
Moda,22345
Moda,22348
Foodies,22356
Foodies,22359
Tecnologia,22361
Moda,22375
Health & Wellness,22378
Moda,22380
Aventura,22394
Aventura,22396
Health & Wellness,22419
Aventura,22422
Moda,22430
Health & Wellness,22432
Tecnologia,22437
Moda,22471
Tecnologia,22476
Health & Wellness,22477
Tecnologia,22478
Moda,22479
Foodies,22497
Aventura,22515
Health & Wellness,22517
Tecnologia,22519
Health & Wellness,22545
Tecnologia,22550
Tecnologia,22560
Health & Wellness,22589
Moda,22605
Health & Wellness,22639
Moda,22669
Health & Wellness,22675
Aventura,22734
Moda,22741
Health & Wellness,22755
Aventura,22757
Moda,22758
Moda,22792
Health & Wellness,22816
Moda,22818
Aventura,22822
Tecnologia,22844
Tecnologia,22847
Health & Wellness,22862
Tecnologia,22876
Aventura,22928
Health & Wellness,22948
Tecnologia,22949
Moda,22976
Aventura,35095A
Health & Wellness,35095B
Aventura,35471D
Health & Wellness,35598D
Tecnologia,35599D
Health & Wellness,35610A
Moda,35818P
Foodies,35957
Tecnologia,35961
Health & Wellness,35971
Aventura,37449
Tecnologia,37476
Aventura,47559b
Aventura,47559B
Health & Wellness,47591B
Health & Wellness,47591b
Aventura,47591D
Aventura,47591d
Health & Wellness,47593B
Health & Wellness,47593b
Aventura,48188
Aventura,71459
Health & Wellness,72586
Moda,72799E
Health & Wellness,72799F
Health & Wellness,72807a
Health & Wellness,72807A
Moda,72807B
Moda,72807b
Tecnologia,72807C
Tecnologia,72807c
Moda,72816
Tecnologia,79030D
Moda,79030G
Tecnologia,82551
Moda,82583
Foodies,82613C
Foodies,82613B
Foodies,82613c
Foodies,82613A
Foodies,82613b
Foodies,82613a
Tecnologia,82613D
Health & Wellness,84031A
Aventura,84031B
Aventura,84032A
Tecnologia,84086C
Moda,84279P
Aventura,85015
Health & Wellness,85016
Health & Wellness,85017A
Tecnologia,85017B
Health & Wellness,85032D
Tecnologia,85039A
Tecnologia,85039a
Moda,85048
Moda,85064
Foodies,85127
Moda,85129D
Moda,85131B
Health & Wellness,85132A
Health & Wellness,85132a
Tecnologia,85135C
Foodies,85176
Moda,85177
Tecnologia,85178
Moda,85186A
Moda,85232B
Aventura,90003C
Tecnologia,90018A
Foodies,90022
Foodies,90071
Health & Wellness,90099
Tecnologia,90116
Health & Wellness,90120C
Moda,90129A
Aventura,90129B
Tecnologia,90161A
Tecnologia,90190C
Tecnologia,90194
Health & Wellness,90209B
Tecnologia,90214D
Health & Wellness,90214G
Foodies,90214H
Moda,90214J
Tecnologia,90214R
Moda,DOT
Tecnologia,84534B
Tecnologia,84534b
Foodies,84535B
Aventura,84536A
Aventura,84536a
Moda,84536B
Moda,84536b
Tecnologia,84580
Aventura,84581
Health & Wellness,84598
Health & Wellness,84912B
Aventura,84913A
Aventura,84913B
Health & Wellness,84923
Health & Wellness,84946
Foodies,84988
Health & Wellness,20856
Moda,20854
Aventura,21218
Moda,22845
Moda,11001
Moda,16236
Tecnologia,17003
Health & Wellness,17011F
Aventura,17012A
Foodies,17012B
Aventura,17012C
Moda,17012D
Health & Wellness,17012E
Tecnologia,17012F
Health & Wellness,17129F
Health & Wellness,18098c
Health & Wellness,18098C
Aventura,20622
Tecnologia,20658
Moda,20662
Aventura,20676
Health & Wellness,20684
Tecnologia,20719
Tecnologia,20724
Tecnologia,20733
Health & Wellness,20735
Moda,20770
Tecnologia,20838
Tecnologia,20835
Moda,20839
Tecnologia,20840
Tecnologia,20837
Moda,20956
Tecnologia,20969
Foodies,20971
Moda,20975
Health & Wellness,20981
Tecnologia,20996
Foodies,21000
Aventura,21012
Tecnologia,21069
Aventura,21070
Foodies,21147
Tecnologia,21158
Tecnologia,21165
Foodies,21174
Aventura,21189
Aventura,21191
Tecnologia,21195
Tecnologia,21207
Health & Wellness,21216
Health & Wellness,21217
Aventura,21231
Moda,21238
Foodies,21249
Health & Wellness,21262
Moda,21313
Tecnologia,21349
Health & Wellness,21352
Tecnologia,21354
Tecnologia,21365
Tecnologia,21366
Aventura,21369
Aventura,21372
Foodies,21385
Aventura,21407
Moda,21408
Moda,21507
Moda,21563
Health & Wellness,21564
Health & Wellness,21634
Health & Wellness,21641
Moda,21679
Moda,21703
Health & Wellness,21704
Foodies,21721
Moda,21722
Tecnologia,21758
Aventura,22892
Health & Wellness,22245
Tecnologia,20957
Tecnologia,79144B
Health & Wellness,22482
Moda,21917
Tecnologia,20697
Health & Wellness,22599
Tecnologia,22597
Moda,21495
Health & Wellness,46000R
Moda,46000S
Aventura,84920
Foodies,22953
Tecnologia,84508A
Tecnologia,21670
Foodies,22786
Moda,22212
Health & Wellness,22678
Tecnologia,22686
Foodies,84685
Moda,20616
Moda,22753
Tecnologia,79066K
Tecnologia,79066k
Moda,22794
Aventura,22592
Tecnologia,84352
Health & Wellness,22795
Health & Wellness,22278
Moda,22802
Tecnologia,84884A
Tecnologia,84884a
Moda,51014C
Moda,51014c
Health & Wellness,51014L
Health & Wellness,51014A
Moda,22366
Moda,48111
Health & Wellness,22846
Tecnologia,22402
Moda,22400
Moda,22399
Aventura,21818
Tecnologia,79302M
Tecnologia,37446
Moda,84509B
Moda,84509b
Health & Wellness,22313
Tecnologia,21181
Moda,21668
Foodies,21462
Aventura,22496
Moda,84870C
Tecnologia,84870B
Moda,22765
Moda,21351
Moda,22581
Tecnologia,22579
Moda,22572
Health & Wellness,22640
Moda,22641
Tecnologia,22638
Aventura,22576
Tecnologia,21817
Health & Wellness,21813
Moda,21808
Aventura,21014
Tecnologia,21018
Moda,22946
Moda,M
Moda,m
Foodies,22660
Tecnologia,21761
Health & Wellness,21781
Health & Wellness,22696
Moda,84360
Health & Wellness,35954
Health & Wellness,84760S
Aventura,85045
Tecnologia,35598B
Health & Wellness,22578
Moda,22855
Moda,21864
Tecnologia,15056P
Tecnologia,15056p
Tecnologia,85174
Aventura,85038
Health & Wellness,22965
Moda,22972
Foodies,21374
Health & Wellness,21509
Tecnologia,22025
Moda,22725
Health & Wellness,37448
Moda,22421
Tecnologia,84997A
Tecnologia,84997a
Tecnologia,21136
Tecnologia,71477
Moda,22030
Moda,90214M
Tecnologia,90214V
Moda,90214S
Health & Wellness,21789
Tecnologia,21629
Health & Wellness,21850
Tecnologia,20978
Moda,20768
Moda,20780
Foodies,21398
Foodies,21643
Aventura,21620
Moda,22260
Tecnologia,22136
Aventura,16168M
Health & Wellness,17014A
Aventura,17084N
Foodies,17084P
Aventura,20617
Tecnologia,20619
Moda,20653
Aventura,20681
Aventura,20682
Aventura,20696
Aventura,20699
Health & Wellness,20700
Tecnologia,20718
Moda,20752
Aventura,20761
Health & Wellness,20846
Health & Wellness,20931
Tecnologia,21002
Health & Wellness,21015
Tecnologia,21067
Aventura,21109
Aventura,21110
Foodies,21128
Moda,21164
Health & Wellness,21188
Moda,21208
Tecnologia,21220
Health & Wellness,21272
Foodies,21279
Foodies,21281
Foodies,21288
Moda,21356
Moda,21439
Health & Wellness,21447
Tecnologia,21537
Tecnologia,21547
Tecnologia,21594
Foodies,21638
Moda,21648
Health & Wellness,21656
Tecnologia,21671
Health & Wellness,21684
Tecnologia,21698
Health & Wellness,21700
Foodies,21745
Moda,21775
Aventura,21820
Tecnologia,21830
Health & Wellness,21846
Tecnologia,21868
Aventura,21875
Tecnologia,21896
Health & Wellness,21899
Health & Wellness,21906
Tecnologia,21908
Tecnologia,21974
Moda,22078
Moda,22084
Health & Wellness,22091
Foodies,22124
Tecnologia,22165
Health & Wellness,22184
Moda,22208
Moda,22246
Tecnologia,22283
Moda,22304
Tecnologia,22308
Tecnologia,22317
Tecnologia,22324
Health & Wellness,22325
Moda,22331
Moda,22342
Foodies,22350
Moda,22393
Health & Wellness,22405
Foodies,22409
Tecnologia,22420
Moda,22425
Moda,22458
Tecnologia,22459
Moda,22499
Health & Wellness,22536
Tecnologia,22586
Moda,22602
Moda,22649
Health & Wellness,22668
Moda,22673
Health & Wellness,22692
Foodies,22746
Moda,22747
Moda,22756
Foodies,22788
Moda,22831
Aventura,22841
Tecnologia,22863
Aventura,22870
Aventura,22890
Tecnologia,22897
Health & Wellness,22898
Foodies,22944
Aventura,22977
Tecnologia,35637A
Moda,35916B
Moda,35916C
Moda,35964
Foodies,35965
Health & Wellness,35967
Aventura,37450
Health & Wellness,37491A
Aventura,46775D
Moda,46776B
Moda,46776b
Aventura,47566B
Aventura,47566b
Tecnologia,47567B
Moda,47590A
Moda,47590B
Aventura,47594A
Moda,70006
Moda,71496A
Tecnologia,72134
Health & Wellness,79067
Tecnologia,82582
Moda,82599
Moda,82616C
Moda,84459B
Health & Wellness,84520B
Tecnologia,84559A
Tecnologia,84559a
Tecnologia,84559B
Tecnologia,84559b
Tecnologia,84596J
Tecnologia,84609
Moda,84659A
Moda,84663A
Tecnologia,84828
Moda,84856L
Tecnologia,84915
Tecnologia,84950
Health & Wellness,84976
Tecnologia,85008
Health & Wellness,85040B
Tecnologia,85053
Aventura,85114A
Aventura,85114a
Tecnologia,85131D
Foodies,85170D
Aventura,85212
Foodies,85227
Tecnologia,85232D
Health & Wellness,90013B
Health & Wellness,90018B
Foodies,90019B
Health & Wellness,90024C
Foodies,90036F
Aventura,90040B
Foodies,90051
Foodies,90054
Moda,90077
Aventura,90134
Aventura,90138
Moda,90161B
Tecnologia,90166
Tecnologia,90173
Aventura,90177C
Moda,90177E
Aventura,90181B
Aventura,90192
Moda,90206C
Foodies,90209C
Aventura,90211A
Health & Wellness,90214A
Health & Wellness,90214E
Tecnologia,20970
Tecnologia,84658
Tecnologia,22448
Tecnologia,22447
Moda,22446
Tecnologia,20665
Moda,21472
Health & Wellness,21877
Tecnologia,22524
Aventura,20765
Health & Wellness,21624
Foodies,84926A
Tecnologia,85035C
Foodies,72803A
Health & Wellness,40001
Health & Wellness,40003
Tecnologia,21709
Tecnologia,22220
Health & Wellness,85034A
Health & Wellness,85034a
Tecnologia,72798C
Aventura,35271S
Moda,21380
Aventura,21221
Aventura,20755
Aventura,21421
Health & Wellness,21422
Tecnologia,22617
Health & Wellness,21364
Health & Wellness,21042
Aventura,22272
Foodies,21172
Health & Wellness,72760B
Tecnologia,22365
Moda,22507
Moda,62096A
Health & Wellness,85071D
Tecnologia,22044
Moda,21918
Foodies,22029
Foodies,21360
Tecnologia,84077
Foodies,84792
Aventura,22440
Moda,22434
Foodies,22564
Health & Wellness,85175
Tecnologia,20893
Health & Wellness,22965
Moda,21215
Foodies,21058
Tecnologia,21060
Health & Wellness,21719
Aventura,84826
Tecnologia,21881
Foodies,22491
Tecnologia,21355
Tecnologia,21518
Health & Wellness,22023
Tecnologia,22027
Moda,22718
Foodies,22717
Health & Wellness,22028
Health & Wellness,21669
Aventura,21673
Health & Wellness,22460
Moda,22433
Foodies,22431
Foodies,84674
Tecnologia,22676
Foodies,22672
Foodies,22778
Health & Wellness,22924
Aventura,22832
Aventura,20674
Foodies,22170
Moda,21428
Moda,22840
Foodies,79191C
Health & Wellness,47471
Health & Wellness,16046
Moda,22796
Tecnologia,22733
Foodies,22559
Health & Wellness,22896
Aventura,20967
Moda,21430
Health & Wellness,22070
Health & Wellness,20983
Aventura,21527
Foodies,21538
Moda,85216
Moda,22131
Foodies,21163
Tecnologia,21161
Foodies,21159
Tecnologia,21390
Tecnologia,22285
Tecnologia,22284
Tecnologia,21383
Moda,21381
Aventura,22210
Moda,22209
Tecnologia,21872
Health & Wellness,85035A
Health & Wellness,22761
Health & Wellness,22385
Health & Wellness,22374
Aventura,21741
Health & Wellness,85061W
Health & Wellness,40016
Health & Wellness,22202
Aventura,21064
Moda,84341B
Aventura,84509G
Aventura,84509g
Tecnologia,16235
Tecnologia,20986
Tecnologia,20832
Tecnologia,84846A
Health & Wellness,22442
Health & Wellness,20798
Moda,22320
Health & Wellness,21561
Moda,85132B
Moda,85132b
Moda,85132C
Moda,85132c
Tecnologia,22215
Health & Wellness,20675
Foodies,21239
Tecnologia,21987
Moda,21988
Aventura,21989
Health & Wellness,22316
Aventura,22332
Aventura,21206
Tecnologia,20677
Aventura,22806
Moda,22893
Health & Wellness,85159A
Tecnologia,21784
Aventura,22849
Foodies,17090D
Foodies,17090A
Moda,72127
Moda,72131
Moda,72133
Aventura,84763
Health & Wellness,22450
Health & Wellness,10124G
Health & Wellness,84519B
Aventura,22505
Aventura,22514
Foodies,21504
Moda,22292
Foodies,21211
Tecnologia,22045
Moda,90180A
Tecnologia,90178A
Aventura,22986
Health & Wellness,20984
Foodies,22436
Tecnologia,21465
Tecnologia,21470
Foodies,16012
Health & Wellness,85025C
Health & Wellness,21849
Aventura,85124B
Moda,85124C
Moda,20828
Foodies,21623
Foodies,16156S
Moda,85049F
Tecnologia,22426
Moda,90082D
Tecnologia,90082A
Foodies,90082B
Moda,90081A
Foodies,90204
Health & Wellness,90185B
Health & Wellness,90195A
Foodies,90195B
Health & Wellness,90199A
Foodies,90186A
Moda,20894
Moda,85106
Health & Wellness,21415
Foodies,21416
Foodies,21417
Moda,22343
Tecnologia,22474
Health & Wellness,18097A
Foodies,18097C
Moda,21902
Tecnologia,21901
Health & Wellness,21948
Health & Wellness,20759
Foodies,20760
Health & Wellness,20757
Foodies,85185D
Health & Wellness,85185B
Aventura,22439
Health & Wellness,79164
Tecnologia,84683
Tecnologia,79163
Moda,22175
Health & Wellness,21155
Health & Wellness,15060B
Health & Wellness,15060b
Moda,22985
Moda,22821
Tecnologia,22705
Health & Wellness,72801C
Health & Wellness,72801c
Health & Wellness,72801d
Health & Wellness,72801D
Foodies,21735
Moda,21500
Moda,15036
Moda,BANK CHARGES
Aventura,21539
Tecnologia,22341
Foodies,22452
Moda,21508
Foodies,21499
Moda,84952C
Aventura,84952B
Health & Wellness,35001G
Foodies,22264
Foodies,22181
Health & Wellness,21392
Tecnologia,21393
Moda,21268
Foodies,85144
Moda,21025
Foodies,21031
Health & Wellness,21030
Health & Wellness,21026
Tecnologia,21032
Tecnologia,21578
Moda,21357
Aventura,20766
Tecnologia,21399
Tecnologia,22562
Moda,21714
Tecnologia,20751
Moda,22636
Moda,21426
Tecnologia,21581
Health & Wellness,90002D
Foodies,21900
Foodies,22031
Aventura,22777
Moda,21788
Aventura,22408
Health & Wellness,22406
Tecnologia,22042
Tecnologia,22089
Health & Wellness,85066
Foodies,21129
Tecnologia,21059
Health & Wellness,22877
Aventura,22869
Health & Wellness,22878
Moda,21240
Tecnologia,21927
Aventura,21925
Foodies,22763
Tecnologia,22334
Tecnologia,22655
Tecnologia,22060
Tecnologia,22061
Aventura,21531
Aventura,21039
Health & Wellness,21157
Aventura,16161P
Aventura,85214
Moda,72232
Moda,84247G
Tecnologia,21530
Tecnologia,21528
Aventura,21114
Tecnologia,20615
Health & Wellness,47021G
Aventura,22443
Foodies,21807
Tecnologia,22689
Aventura,22591
Foodies,22504
Moda,22158
Foodies,22621
Health & Wellness,79000
Tecnologia,85049B
Tecnologia,85049b
Moda,85131A
Aventura,21878
Tecnologia,20941
Aventura,21066
Tecnologia,21205
Health & Wellness,21361
Tecnologia,21876
Aventura,22167
Aventura,22200
Foodies,22412
Health & Wellness,22525
Moda,72349b
Moda,72349B
Tecnologia,84872A
Health & Wellness,10123C
Health & Wellness,10120
Health & Wellness,84006
Foodies,20767
Health & Wellness,90094
Tecnologia,21882
Health & Wellness,20886
Foodies,21945
Moda,22133
Aventura,22456
Health & Wellness,22891
Foodies,20655
Moda,21100
Foodies,21201
Moda,21558
Moda,21865
Moda,22132
Tecnologia,22166
Health & Wellness,22518
Health & Wellness,22628
Foodies,84509C
Foodies,84509c
Aventura,85036B
Foodies,84993A
Foodies,84993a
Moda,84987
Foodies,20998
Aventura,22702
Tecnologia,84925D
Tecnologia,21078
Aventura,22105
Aventura,22163
Tecnologia,22216
Health & Wellness,22248
Tecnologia,22250
Moda,22251
Foodies,22255
Aventura,22288
Tecnologia,22363
Foodies,22395
Aventura,22483
Health & Wellness,22546
Aventura,22609
Health & Wellness,22762
Moda,22811
Aventura,22882
Moda,22884
Moda,22908
Moda,35599B
Tecnologia,44234
Foodies,71143
Foodies,72351A
Foodies,72351a
Moda,75049L
Moda,75131
Tecnologia,79190B
Tecnologia,79191B
Tecnologia,82001S
Tecnologia,82001s
Foodies,84270
Tecnologia,84660C
Tecnologia,84660c
Moda,84661B
Moda,84661b
Moda,84673B
Tecnologia,84927A
Health & Wellness,84927F
Aventura,85025B
Tecnologia,85054
Tecnologia,85055
Foodies,85167B
Aventura,85169A
Tecnologia,85169C
Tecnologia,85169D
Aventura,85203
Moda,90000D
Health & Wellness,90003E
Moda,90028
Moda,90060F
Moda,90114
Health & Wellness,90115
Moda,90120B
Aventura,90141A
Health & Wellness,90199B
Moda,90205A
Foodies,90214B
Foodies,90214C
Aventura,90214F
Health & Wellness,90214I
Health & Wellness,90214L
Tecnologia,90214N
Foodies,90214Y
Tecnologia,16218
Health & Wellness,16225
Tecnologia,20686
Moda,21200
Health & Wellness,21051
Foodies,21112
Moda,21219
Tecnologia,21224
Health & Wellness,21261
Moda,21263
Health & Wellness,21286
Moda,21446
Tecnologia,21619
Tecnologia,21640
Moda,21675
Tecnologia,21725
Moda,21828
Aventura,21829
Health & Wellness,21903
Health & Wellness,21936
Tecnologia,22959
Aventura,17091J
Health & Wellness,21027
Tecnologia,84539
Health & Wellness,90096
Health & Wellness,21095
Tecnologia,82583
Tecnologia,22139
Tecnologia,22734
Tecnologia,22176
Tecnologia,85231G
Health & Wellness,85018D
Health & Wellness,22732
Aventura,47503J
Tecnologia,37464
Tecnologia,84247N
Health & Wellness,84247K
Tecnologia,22035
Tecnologia,21250
Aventura,21677
Aventura,47504K
Health & Wellness,84212
Aventura,21377
Tecnologia,21379
Tecnologia,37489D
Foodies,17107D
Moda,37489B
Tecnologia,37489C
Aventura,21932
Foodies,21933
Foodies,37489A
Foodies,22072
Moda,21905
Aventura,22414
Tecnologia,22116
Foodies,85130A
Foodies,85129C
Tecnologia,22246
Tecnologia,84849A
Moda,22137
Moda,85230B
Aventura,85230F
Health & Wellness,22306
Moda,20734
Tecnologia,20960
Tecnologia,35970
Moda,84849D
Tecnologia,84507C
Tecnologia,20910
Foodies,82616B
Aventura,90128B
Tecnologia,90198B
Health & Wellness,90152B
Aventura,20661
Health & Wellness,20652
Foodies,21845
Health & Wellness,22398
Tecnologia,84877D
Health & Wellness,20657
Moda,47422
Tecnologia,21642
Foodies,47503H
Moda,72128
Moda,72130
Moda,47343A
Aventura,72802A
Aventura,72802a
Health & Wellness,72802B
Tecnologia,21054
Moda,22339
Tecnologia,22337
Moda,84562A
Tecnologia,21040
Foodies,21937
Aventura,22701
Tecnologia,22362
Moda,82011C
Tecnologia,84865
Aventura,21287
Aventura,79337
Health & Wellness,85111
Health & Wellness,22307
Health & Wellness,85078
Foodies,85034C
Tecnologia,84614A
Tecnologia,22509
Tecnologia,90145
Foodies,90143
Health & Wellness,90010B
Tecnologia,90050
Aventura,90053
Moda,22051
Moda,20829
Aventura,21947
Moda,21726
Moda,22671
Moda,20936
Tecnologia,84924A
Tecnologia,35810B
Moda,35241
Moda,17109D
Tecnologia,21011
Tecnologia,22853
Moda,85034B
Moda,85034b
Foodies,72800D
Aventura,84819
Tecnologia,90185D
Moda,90175A
Tecnologia,22079
Moda,90162B
Tecnologia,90162D
Foodies,21626
Health & Wellness,90167
Tecnologia,22403
Moda,22563
Health & Wellness,84827
Health & Wellness,22799
Tecnologia,22305
Moda,84898F
Health & Wellness,22415
Moda,22256
Health & Wellness,47310M
Aventura,84508B
Tecnologia,21555
Tecnologia,22390
Moda,84993B
Moda,85206A
Moda,22021
Tecnologia,84596G
Tecnologia,84596g
Aventura,84358
Foodies,21445
Aventura,77101A
Moda,21294
Foodies,21468
Tecnologia,22123
Foodies,22939
Foodies,21836
Health & Wellness,71279
Foodies,22598
Health & Wellness,22532
Moda,21413
Moda,79149B
Moda,21682
Moda,78034B
Foodies,22894
Moda,79151B
Foodies,21090
Health & Wellness,21209
Moda,22354
Moda,21635
Tecnologia,35653
Health & Wellness,85130D
Moda,15039
Health & Wellness,84978
Aventura,84569D
Aventura,84921
Health & Wellness,84508C
Foodies,90086
Tecnologia,62018
Foodies,16011
Tecnologia,85179A
Tecnologia,85179a
Health & Wellness,21785
Tecnologia,21650
Foodies,84874B
Tecnologia,22674
Foodies,72051S
Moda,20764
Health & Wellness,47579
Tecnologia,21723
Health & Wellness,35953
Moda,84051
Foodies,21187
Moda,21696
Tecnologia,22034
Health & Wellness,20980
Aventura,35958
Moda,75013B
Moda,22684
Health & Wellness,82011B
Tecnologia,21630
Moda,21580
Aventura,22231
Health & Wellness,22859
Moda,22860
Aventura,22093
Aventura,20748
Tecnologia,85208
Tecnologia,22129
Health & Wellness,22808
Tecnologia,20702
Moda,85187
Moda,21683
Aventura,22770
Moda,79190A
Moda,79192A
Moda,15034
Tecnologia,85129B
Moda,35924
Health & Wellness,20671
Moda,21904
Health & Wellness,84563B
Moda,22843
Tecnologia,22199
Moda,84968a
Moda,84968A
Moda,37509
Moda,47369A
Tecnologia,47369B
Health & Wellness,47367B
Health & Wellness,21695
Moda,84773
Tecnologia,21424
Aventura,21819
Foodies,22817
Tecnologia,16161U
Moda,22252
Health & Wellness,21401
Tecnologia,84597C
Moda,51020A
Foodies,51020B
Aventura,21306
Moda,21311
Health & Wellness,21307
Health & Wellness,21277
Moda,22475
Tecnologia,90200E
Moda,90062
Health & Wellness,21616
Aventura,37461
Moda,20659
Health & Wellness,20985
Health & Wellness,84596L
Health & Wellness,84596l
Tecnologia,84596F
Tecnologia,84596f
Tecnologia,22346
Tecnologia,22344
Tecnologia,85215
Moda,85062
Moda,22984
Aventura,85036C
Health & Wellness,21202
Moda,84531A
Health & Wellness,84531B
Tecnologia,21910
Tecnologia,22461
Tecnologia,22690
Moda,84881
Foodies,21613
Moda,21693
Moda,84809A
Aventura,79190D
Aventura,79191D
Health & Wellness,22157
Moda,84795B
Health & Wellness,20771
Tecnologia,37327
Tecnologia,85027L
Health & Wellness,85017C
Tecnologia,16010
Tecnologia,35001W
Foodies,84707B
Tecnologia,21167
Foodies,51008
Aventura,21713
Moda,20802
Moda,22052
Health & Wellness,20781
Health & Wellness,22389
Health & Wellness,84840
Health & Wellness,22073
Foodies,20716
Foodies,20782
Health & Wellness,20847
Aventura,21291
Tecnologia,21319
Tecnologia,21359
Health & Wellness,21397
Moda,21627
Moda,21632
Aventura,22106
Health & Wellness,22108
Health & Wellness,22221
Tecnologia,22223
Aventura,22282
Tecnologia,22329
Health & Wellness,22416
Tecnologia,22613
Moda,35648
Aventura,35651
Foodies,37447
Health & Wellness,46118
Moda,46776C
Health & Wellness,46776E
Health & Wellness,46776e
Health & Wellness,62094B
Aventura,84078A
Tecnologia,84228
Tecnologia,84568
Tecnologia,84789
Moda,84813
Aventura,85093
Foodies,85096
Foodies,85202
Moda,85204
Moda,90001D
Tecnologia,90013C
Moda,90085
Foodies,90132
Foodies,90140
Health & Wellness,90141B
Tecnologia,90158
Tecnologia,90183A
Health & Wellness,90183B
Health & Wellness,90201B
Foodies,90212B
Health & Wellness,84712B
Foodies,22279
Moda,22280
Moda,22377
Foodies,22495
Tecnologia,22521
Moda,22523
Aventura,22677
Foodies,22682
Moda,22715
Aventura,21253
Moda,21265
Health & Wellness,21389
Health & Wellness,21391
Tecnologia,21403
Foodies,21534
Moda,21618
Tecnologia,21812
Aventura,21847
Moda,21943
Moda,22104
Health & Wellness,22322
Tecnologia,22340
Moda,35833G
Tecnologia,35916A
Moda,46776A
Moda,46776a
Foodies,72351B
Tecnologia,84459A
Tecnologia,84637
Tecnologia,85039B
Foodies,85039C
Aventura,85131C
Moda,90010E
Foodies,90039C
Moda,90081C
Moda,90101
Health & Wellness,90130B
Moda,90130C
Health & Wellness,15044C
Health & Wellness,20762
Health & Wellness,20803
Foodies,18007
Moda,21720
Health & Wellness,84968F
Foodies,21289
Foodies,22606
Moda,37479B
Tecnologia,37482P
Moda,20903
Moda,20897
Moda,71403
Moda,21162
Health & Wellness,22683
Aventura,22685
Moda,21973
Aventura,22691
Foodies,84926D
Aventura,22233
Tecnologia,35400
Tecnologia,22486
Health & Wellness,72801G
Foodies,84711A
Health & Wellness,20769
Health & Wellness,35597A
Health & Wellness,47480
Moda,84522
Tecnologia,20731
Moda,35597B
Moda,84596B
Moda,84596b
Foodies,21226
Moda,79160
Tecnologia,21089
Moda,21647
Aventura,72122
Tecnologia,84912A
Health & Wellness,85036A
Health & Wellness,85036a
Aventura,21692
Health & Wellness,84569A
Moda,20775
Moda,90179C
Tecnologia,90060D
Aventura,85020
Tecnologia,20861
Health & Wellness,21827
Foodies,79051A
Health & Wellness,17007B
Foodies,10124A
Health & Wellness,21644
Health & Wellness,22700
Foodies,46000P
Moda,22681
Health & Wellness,21746
Health & Wellness,84916
Health & Wellness,40005B
Foodies,18094C
Foodies,22085
Moda,47585A
Moda,47586A
Aventura,46115B
Health & Wellness,84975
Health & Wellness,21336
Moda,22050
Tecnologia,21680
Foodies,20819
Health & Wellness,84925F
Moda,22535
Aventura,17012F
Aventura,35648
Aventura,20752
Aventura,23118
Aventura,22759
Aventura,22925
Aventura,85135B
Aventura,35968
Aventura,21992
Aventura,23348
Aventura,21644
Aventura,90014A
Aventura,22943
Aventura,22121
Aventura,72801C
Aventura,21817
Aventura,20902
Aventura,85036C
Aventura,20711
Aventura,72802B
Aventura,46000U
Aventura,22848
Aventura,16207A
Aventura,22606
Aventura,35972
Aventura,90012B
Aventura,84050
Aventura,47503H
Aventura,23091
Aventura,17136A
Aventura,85019B
Aventura,21539
Aventura,22142
Aventura,22778
Aventura,21349
Aventura,82600
Aventura,20898
Aventura,10080
Aventura,22268
Aventura,84659A
Aventura,35819B
Tecnologia,16169K
Tecnologia,21394
Tecnologia,84609
Tecnologia,21398
Tecnologia,85136C
Tecnologia,37327
Tecnologia,84597B
Tecnologia,22797
Moda,21001
Moda,21028
Health & Wellness,21171
Tecnologia,21204
Tecnologia,21222
Tecnologia,21251
Aventura,21375
Moda,22101
Moda,35914
Health & Wellness,37462E
Moda,47481
Tecnologia,84313B
Tecnologia,84422
Foodies,84429A
Moda,84510C
Moda,84510c
Tecnologia,84917
Health & Wellness,85087
Tecnologia,85094
Health & Wellness,85125
Moda,90013A
Health & Wellness,90059A
Tecnologia,90073
Health & Wellness,90104
Moda,90129C
Aventura,90129D
Foodies,90129E
Tecnologia,90160C
Aventura,90161D
Aventura,90177D
Tecnologia,90184C
Tecnologia,90185A
Health & Wellness,90208
Health & Wellness,15044D
Tecnologia,84707A
Health & Wellness,21617
Tecnologia,22693
Tecnologia,35646
Tecnologia,47574A
Health & Wellness,72819
Tecnologia,84665
Tecnologia,84666
Aventura,20857
Health & Wellness,85047
Health & Wellness,22679
Health & Wellness,22520
Moda,22516
Health & Wellness,22353
Moda,22498
Health & Wellness,S
Tecnologia,84725
Moda,37479P
Moda,AMAZONFEE
Moda,17038
Health & Wellness,84388
Tecnologia,84968D
Health & Wellness,22211
Tecnologia,22903
Moda,22026
Health & Wellness,37340
Health & Wellness,16052
Foodies,16219
Tecnologia,20763
Health & Wellness,20801
Tecnologia,21316
Tecnologia,21666
Moda,22293
Tecnologia,22608
Tecnologia,22789
Tecnologia,22880
Health & Wellness,22883
Moda,22889
Tecnologia,35809A
Tecnologia,35809a
Aventura,35833P
Tecnologia,37500
Tecnologia,37501
Health & Wellness,79144C
Tecnologia,85130B
Tecnologia,85170C
Foodies,90000B
Moda,90003B
Tecnologia,90005A
Foodies,90019C
Tecnologia,90087
Foodies,90168
Health & Wellness,90169
Tecnologia,90187B
Tecnologia,90202C
Moda,90210C
Moda,22528
Foodies,48189
Moda,84989a
Moda,84989A
Foodies,85173
Tecnologia,22513
Foodies,85119
Foodies,22875
Tecnologia,21689
Moda,84247E
Health & Wellness,85170B
Aventura,85170A
Health & Wellness,85059
Tecnologia,84497
Foodies,85026B
Foodies,90175D
Foodies,22512
Moda,22611
Health & Wellness,22873
Tecnologia,37467
Moda,84251B
Foodies,84927D
Aventura,85040A
Aventura,85040a
Aventura,85213
Foodies,90001C
Tecnologia,90019A
Tecnologia,90023
Aventura,90027A
Health & Wellness,90170
Aventura,90186B
Moda,90198A
Moda,90211B
Tecnologia,90214K
Aventura,90214P
Moda,90214Z
Aventura,20663
Tecnologia,20794
Tecnologia,21269
Health & Wellness,21792
Moda,90212C
Health & Wellness,22708
Tecnologia,22048
Foodies,22057
Health & Wellness,22930
Tecnologia,22931
Health & Wellness,22932
Aventura,22937
Aventura,22710
Moda,22936
Moda,22935
Health & Wellness,21275
Tecnologia,85068
Health & Wellness,47348A
Health & Wellness,21686
Health & Wellness,85024C
Health & Wellness,71038
Moda,84613C
Tecnologia,84910A
Moda,21246
Health & Wellness,21376
Foodies,20618
Moda,16202E
Foodies,47420
Moda,22510
Tecnologia,48116
Health & Wellness,72709
Foodies,72132
Foodies,85118
Moda,35968
Tecnologia,22063
Aventura,90184B
Tecnologia,90184A
Foodies,84415B
Aventura,20906
Tecnologia,20703
Health & Wellness,71495B
Moda,78124
Foodies,79406
Foodies,79403
Aventura,84251G
Foodies,90034
Foodies,90040C
Tecnologia,90059D
Aventura,90089
Aventura,90120A
Tecnologia,90201D
Tecnologia,17013D
Moda,17096
Tecnologia,21285
Health & Wellness,21442
Tecnologia,21717
Tecnologia,21749
Aventura,21750
Tecnologia,22538
Health & Wellness,22541
Foodies,22647
Aventura,22138
Moda,85230G
Tecnologia,71215
Aventura,20695
Moda,22820
Moda,84952A
Foodies,84706D
Moda,22828
Moda,22703
Moda,22937
Health & Wellness,84247L
Health & Wellness,22698
Aventura,84875B
Aventura,84876D
Moda,84192
Moda,21628
Health & Wellness,22254
Foodies,21615
Foodies,22236
Foodies,22933
Moda,85107
Moda,21382
Moda,44235
Aventura,90036D
Tecnologia,21535
Health & Wellness,21264
Moda,21284
Foodies,22201
Moda,22269
Tecnologia,22526
Health & Wellness,84012
Aventura,85180B
Tecnologia,90030B
Health & Wellness,90030C
Tecnologia,90039B
Health & Wellness,90039D
Tecnologia,90093
Aventura,90128A
Health & Wellness,90128C
Foodies,90128D
Health & Wellness,90161C
Foodies,90174
Aventura,90188
Health & Wellness,90214O
Moda,16015
Aventura,16008
Aventura,37444B
Moda,37333
Foodies,20778
Foodies,20758
Tecnologia,22319
Foodies,22824
Moda,21132
Health & Wellness,84818
Foodies,84798A
Health & Wellness,22230
Tecnologia,90033
Tecnologia,84843
Moda,85032A
Aventura,85032C
Foodies,21144
Tecnologia,21317
Health & Wellness,72815
Health & Wellness,84968E
Tecnologia,22885
Moda,84660B
Moda,84660b
Aventura,84356
Health & Wellness,47578A
Tecnologia,21562
Tecnologia,22856
Tecnologia,22934
Health & Wellness,16048
Health & Wellness,20932
Moda,22263
Health & Wellness,46776F
Health & Wellness,46776f
Moda,84509E
Moda,84510E
Health & Wellness,84748
Foodies,90070
Tecnologia,90147
Tecnologia,90201C
Health & Wellness,22053
Moda,37475
Tecnologia,84951A
Health & Wellness,84951B
Foodies,21131
Moda,20654
Aventura,17165D
Foodies,22291
Aventura,15058A
Health & Wellness,20868
Tecnologia,84820
Health & Wellness,85006
Aventura,84821
Health & Wellness,84638
Moda,22229
Aventura,22228
Moda,16054
Tecnologia,84595E
Tecnologia,35915B
Health & Wellness,85086A
Moda,85084
Foodies,81950V
Foodies,22055
Foodies,84631
Foodies,84799
Aventura,35004P
Moda,21454
Moda,15058B
Tecnologia,22391
Tecnologia,21318
Tecnologia,21418
Health & Wellness,21420
Aventura,22286
Health & Wellness,22287
Tecnologia,35609A
Health & Wellness,35610C
Tecnologia,46776D
Tecnologia,84688
Moda,84931A
Aventura,85211
Tecnologia,90031
Moda,90040A
Health & Wellness,90125B
Aventura,90125D
Moda,DCGS0003
Foodies,85230E
Aventura,22826
Aventura,22852
Health & Wellness,22102
Tecnologia,20830
Tecnologia,20831
Aventura,90003D
Aventura,90067A
Moda,21378
Foodies,85032B
Tecnologia,22857
Health & Wellness,22858
Moda,22861
Moda,22232
Aventura,20793
Aventura,20664
Foodies,47593A
Tecnologia,20670
Tecnologia,21946
Health & Wellness,20666
Moda,82605
Aventura,85136B
Tecnologia,84882
Moda,85031A
Foodies,16216
Tecnologia,21248
Moda,21736
Moda,84922
Foodies,90036E
Aventura,90160A
Foodies,90160B
Tecnologia,90160D
Aventura,82011A
Tecnologia,85183A
Foodies,21194
Tecnologia,21972
Moda,22281
Health & Wellness,22887
Moda,84876B
Moda,90126A
Health & Wellness,90190B
Health & Wellness,84927E
Health & Wellness,84816
Tecnologia,90120D
Health & Wellness,22289
Foodies,20704
Moda,20818
Health & Wellness,21199
Health & Wellness,21293
Aventura,71495A
Moda,84584
Tecnologia,85179C
Moda,85188B
Tecnologia,90076
Aventura,90164A
Tecnologia,90164B
Health & Wellness,72780
Foodies,22954
Foodies,22047
Moda,22214
Moda,90162C
Moda,90078
Foodies,90032
Tecnologia,20848
Aventura,20826
Moda,21145
Foodies,22723
Tecnologia,22722
Foodies,84575A
Moda,84313C
Foodies,21473
Tecnologia,90210A
Foodies,21109
Health & Wellness,84823
Foodies,90210D
Tecnologia,22656
Moda,22782
Tecnologia,84766
Aventura,20860
Foodies,84711B
Health & Wellness,84817
Health & Wellness,35832
Health & Wellness,22932
Moda,22937
Tecnologia,22721
Health & Wellness,22711
Tecnologia,22522
Health & Wellness,22270
Tecnologia,85195
Health & Wellness,85194L
Aventura,84660A
Aventura,84660a
Tecnologia,75178
Health & Wellness,75011
Foodies,47503A
Health & Wellness,22888
Foodies,22886
Health & Wellness,22881
Aventura,22879
Tecnologia,21631
Tecnologia,20705
Aventura,90125A
Aventura,85180A
Aventura,85159B
Tecnologia,22204
Health & Wellness,84597B
Health & Wellness,84616
Health & Wellness,22734
Tecnologia,22303
Health & Wellness,84796A
Health & Wellness,84796a
Tecnologia,20871
Moda,21160
Moda,21186
Foodies,84673A
Tecnologia,21386
Health & Wellness,90146
Foodies,22257
Foodies,22258
Moda,22259
Moda,35817P
Moda,85141
Tecnologia,84507B
Moda,90042A
Moda,90060B
Aventura,90035A
Tecnologia,90133
Moda,90179A
Health & Wellness,79329
Health & Wellness,79331
Foodies,85146
Aventura,22033
Tecnologia,22032
Moda,84751B
Moda,84620
Aventura,84929
Health & Wellness,21707
Moda,22868
Moda,22874
Tecnologia,22872
Tecnologia,22871
Moda,22302
Aventura,47594B
Foodies,21196
Tecnologia,22218
Health & Wellness,22970
Health & Wellness,22062
Health & Wellness,21348
Moda,22971
Moda,84877B
Tecnologia,84926F
Tecnologia,21400
Moda,35911A
Tecnologia,85031C
Foodies,84613A
Health & Wellness,90012B
Tecnologia,21043
Foodies,37342
Tecnologia,84750B
Aventura,21425
Health & Wellness,72800C
Tecnologia,35810A
Tecnologia,21491
Foodies,21633
Moda,35607A
Foodies,22410
Health & Wellness,84859A
Aventura,85103
Tecnologia,85031B
Tecnologia,22249
Health & Wellness,22407
Health & Wellness,85205B
Moda,22929
Health & Wellness,85163A
Moda,85163B
Tecnologia,85088
Moda,90201A
Health & Wellness,90202A
Tecnologia,90206A
Moda,22285
Aventura,84600
Moda,84857C
Tecnologia,90144
Health & Wellness,90165B
Tecnologia,20694
Health & Wellness,20869
Tecnologia,21455
Foodies,22206
Tecnologia,35933
Health & Wellness,85232A
Moda,90027B
Moda,90122A
Health & Wellness,90197B
Aventura,72225C
Foodies,46000U
Moda,90072
Tecnologia,90214T
Tecnologia,20934
Tecnologia,21402
Tecnologia,22135
Tecnologia,90011D
Foodies,90012A
Foodies,90042C
Foodies,90141C
Health & Wellness,90142A
Moda,90165A
Health & Wellness,90177B
Tecnologia,90202D
Health & Wellness,90154
Tecnologia,90199D
Foodies,90014A
Foodies,21009
Health & Wellness,21793
Health & Wellness,85024B
Health & Wellness,85023B
Health & Wellness,85109
Aventura,84804A
Tecnologia,84800L
Tecnologia,84800M
Foodies,84802A
Aventura,84806A
Foodies,22707
Moda,21503
Foodies,90108
Health & Wellness,16207A
Aventura,21747
Aventura,84457
Moda,84249A
Moda,22837
Health & Wellness,22148
Foodies,90011B
Tecnologia,90055
Moda,90142D
Foodies,90176B
Foodies,21198
Moda,90027D
Foodies,44228
Foodies,85017C
Health & Wellness,22066
Tecnologia,35819B
Aventura,84199
Health & Wellness,85135A
Tecnologia,22823
Moda,15044A
Tecnologia,85160A
Tecnologia,85126
Health & Wellness,47518f
Health & Wellness,47518F
Health & Wellness,84499
Moda,16045
Health & Wellness,21394
Moda,22046
Tecnologia,84931B
Aventura,21270
Tecnologia,22134
Tecnologia,85161
Moda,90011A
Aventura,90013D
Moda,90024E
Foodies,90024F
Foodies,90103
Moda,90152A
Tecnologia,90205C
Health & Wellness,22247
Tecnologia,gift_0001_50
Foodies,84251C
Foodies,16206B
Tecnologia,46138B
Moda,20701
Foodies,90112
Tecnologia,35443
Moda,21661
Tecnologia,90125E
Aventura,85168B
Aventura,85186C
Foodies,84926E
Moda,85144
Aventura,84218
Health & Wellness,85194S
Moda,22268
Tecnologia,90037B
Moda,90041
Moda,90125C
Foodies,90163A
Health & Wellness,90163B
Moda,21412
Foodies,35911B
Moda,79071B
Tecnologia,16169M
Foodies,22709
Foodies,gift_0001_30
Tecnologia,79320
Moda,85042
Aventura,20785
Tecnologia,85089
Foodies,35909A
Tecnologia,35910A
Health & Wellness,20933
Tecnologia,35972
Tecnologia,90155
Tecnologia,47589
Health & Wellness,79323B
Health & Wellness,84661A
Health & Wellness,84661a
Moda,90118
Tecnologia,90182C
Foodies,21278
Aventura,47351B
Aventura,21084
Moda,21088
Health & Wellness,21096
Aventura,90119
Moda,84741C
Tecnologia,22266
Foodies,22267
Moda,21003
Moda,21757
Foodies,90123B
Tecnologia,90123C
Tecnologia,90122C
Health & Wellness,90156
Foodies,85023C
Moda,21332
Aventura,35923
Moda,84661C
Moda,90038B
Moda,90137
Aventura,21655
Health & Wellness,79323P
Health & Wellness,90214W
Health & Wellness,90059F
Health & Wellness,44091A
Moda,21280
Health & Wellness,21082
Health & Wellness,84877D
Health & Wellness,35598C
Health & Wellness,21578
Health & Wellness,85127
Health & Wellness,35965
Health & Wellness,47593A
Health & Wellness,84875D
Moda,90037C
Tecnologia,90122B
Moda,35915C
Health & Wellness,85197
Health & Wellness,85019B
Moda,16207B
Aventura,20698
Aventura,35265
Moda,16162L
Tecnologia,90092
Aventura,90190A
Moda,90011E
Foodies,90038A
Aventura,90079
Moda,22323
Health & Wellness,22103
Aventura,90141D
Moda,85160B
Health & Wellness,23231
Health & Wellness,62086A
Health & Wellness,90039A
Tecnologia,21371
Tecnologia,35912B
Aventura,23230
Moda,85206B
Moda,85189
Aventura,84745A
Moda,84745B
Foodies,90130D
Moda,21117
Tecnologia,21459
Foodies,21460
Foodies,37468
Moda,21897
Health & Wellness,72369A
Tecnologia,22967
Moda,22957
Aventura,22199
Moda,21082
Moda,21368
Foodies,17174
Moda,23233
Aventura,35921
Tecnologia,85200
Health & Wellness,84231
Moda,21461
Foodies,84462
Moda,84461
Foodies,35922
Moda,84675
Health & Wellness,47469
Tecnologia,23232
Tecnologia,84905
Moda,84806B
Tecnologia,21458
Health & Wellness,85198
Health & Wellness,90191
Health & Wellness,84796B
Foodies,23166
Tecnologia,20845
Tecnologia,84033
Aventura,20795
Aventura,84226
Moda,79323W
Aventura,21926
Health & Wellness,37379A
Moda,35920
Aventura,84801A
Moda,84592
Tecnologia,84800S
Aventura,85130C
Health & Wellness,20756
Foodies,21112
Aventura,21320
Foodies,90027C
Health & Wellness,90202B
Tecnologia,22125
Aventura,40046A
Tecnologia,85188A
Foodies,84527
Health & Wellness,72799C
Tecnologia,71101E
Tecnologia,21457
Aventura,21456
Health & Wellness,35647
Aventura,84632
Tecnologia,22597
Tecnologia,90037A
Moda,35913B
Aventura,22146
Moda,21476
Moda,37351
Health & Wellness,22595
Tecnologia,84974
Aventura,22602
Aventura,72821
Tecnologia,22596
Foodies,90123D
Aventura,90123A
Tecnologia,90148
Aventura,90016B
Foodies,90016A
Aventura,84847
Moda,20898
Tecnologia,90183C
Tecnologia,90183c
Moda,84465
Foodies,20851
Health & Wellness,84715
Health & Wellness,84919
Health & Wellness,84907
Tecnologia,35637C
Health & Wellness,21811
Foodies,71496B
Tecnologia,17028J
Foodies,84795C
Tecnologia,62074B
Moda,84279B
Health & Wellness,84801B
Foodies,84805A
Tecnologia,17136A
Foodies,21818
Tecnologia,84708B
Tecnologia,44089A
Foodies,84723
Foodies,22038
Aventura,90098
Moda,15058C
Moda,22989
Aventura,84452
Tecnologia,35607B
Moda,22990
Moda,85092
Moda,37413
Moda,DCGSSBOY
Tecnologia,DCGSSGIRL
Health & Wellness,35815P
Tecnologia,21228
Moda,72812
Moda,79063D
Aventura,75172
Moda,45013
Tecnologia,21636
Tecnologia,71510
Tecnologia,44265
Moda,90064B
Moda,90064A
Aventura,90063A
Moda,90063B
Moda,90029
Moda,44089C
Health & Wellness,44236
Moda,21898
Moda,82095
Foodies,90024B
Health & Wellness,84798B
Aventura,84803A
Moda,35909B
Moda,35910B
Moda,90152C
Health & Wellness,84859C
Health & Wellness,22980
Health & Wellness,22993
Aventura,23006
Tecnologia,23004
Aventura,23002
Moda,23003
Tecnologia,23000
Foodies,22994
Moda,22998
Aventura,22991
Moda,22992
Health & Wellness,22999
Moda,22995
Moda,22996
Foodies,22978
Health & Wellness,22997
Moda,23005
Aventura,79062D
Tecnologia,47341A
Moda,22351
Health & Wellness,21087
Aventura,37491D
Aventura,44092C
Foodies,84997C
Foodies,84997c
Moda,84997D
Moda,84997d
Tecnologia,84306
Tecnologia,44092B
Tecnologia,90065A
Moda,90000A
Moda,90026B
Tecnologia,35638A
Foodies,84691
Health & Wellness,22383
Health & Wellness,21928
Tecnologia,84997B
Tecnologia,84997b
Tecnologia,84997A
Tecnologia,84997a
Foodies,21414
Foodies,84858C
Tecnologia,84466
Health & Wellness,84687
Foodies,90100
Tecnologia,84809B
Moda,72140E
Aventura,10080
Health & Wellness,71050
Moda,90124A
Tecnologia,90135
Moda,90157
Tecnologia,90176A
Moda,90176C
Health & Wellness,90177A
Tecnologia,90187A
Health & Wellness,90001A
Health & Wellness,84802B
Health & Wellness,84803B
Health & Wellness,23182
Tecnologia,20796
Health & Wellness,22979
Aventura,21769
Aventura,23177
Aventura,23193
Health & Wellness,23194
Tecnologia,23176
Moda,22982
Health & Wellness,23126
Tecnologia,23127
Foodies,16020C
Health & Wellness,90016C
Health & Wellness,90025D
Moda,23127
Health & Wellness,23128
Health & Wellness,23126
Tecnologia,23194
Foodies,23183
Health & Wellness,23179
Tecnologia,23178
Foodies,22981
Moda,37423
Aventura,23180
Health & Wellness,23049
Aventura,23053
Moda,23054
Moda,23050
Moda,23052
Health & Wellness,23051
Foodies,79026B
Foodies,23128
Foodies,23185
Foodies,23184
Tecnologia,90084
Aventura,35607B
Aventura,90038C
Moda,62096B
Moda,17109D
Foodies,gift_0001_10
Aventura,84593
Health & Wellness,16248B
Tecnologia,21841
Health & Wellness,23181
Moda,23187
Aventura,23126
Tecnologia,23186
Aventura,85172
Tecnologia,84086B
Tecnologia,79063C
Moda,23010
Moda,23007
Tecnologia,23009
Foodies,23008
Health & Wellness,84535A
Foodies,16202A
Tecnologia,21395
Tecnologia,22467
Aventura,85098B
Tecnologia,84842
Health & Wellness,84227
Tecnologia,16161G
Aventura,16259
Health & Wellness,47013A
Moda,22687
Moda,84977
Moda,84946
Health & Wellness,90068
Foodies,84828
Health & Wellness,84750A
Moda,78033
Aventura,37488A
Health & Wellness,85030
Tecnologia,21637
Health & Wellness,47344B
Moda,46126A
Health & Wellness,90182B
Moda,90131
Moda,85224
Health & Wellness,23077
Moda,23076
Moda,23078
Moda,21770
Tecnologia,47013C
Health & Wellness,84548
Health & Wellness,15030
Foodies,22985
Tecnologia,23159
Tecnologia,23154
Health & Wellness,23156
Tecnologia,23155
Moda,84569C
Tecnologia,23158
Foodies,85145
Health & Wellness,21839
Tecnologia,85028S
Aventura,85028L
Aventura,21781
Moda,16156L
Health & Wellness,84856S
Aventura,20821
Tecnologia,82494L
Aventura,84743C
Foodies,23157
Moda,21614
Health & Wellness,84549
Health & Wellness,37487B
Health & Wellness,21654
Health & Wellness,21100
Aventura,35649
Foodies,35809B
Health & Wellness,84686
Aventura,22286
Foodies,84576
Tecnologia,84228
Foodies,79030D
Tecnologia,22287
Aventura,84877A
Aventura,84875D
Tecnologia,23254
Aventura,23256
Moda,90024D
Tecnologia,23255
Foodies,79030G
Moda,22039
Aventura,90025A
Moda,37487B
Moda,84839
Aventura,23205
Moda,23201
Moda,23207
Tecnologia,23199
Foodies,23206
Moda,23204
Health & Wellness,23205
Moda,23256
Moda,23254
Tecnologia,23208
Tecnologia,84689
Moda,84865
Moda,37343
Moda,23397
Moda,21761
Moda,21643
Moda,84563A
Moda,37488A
Moda,22060
Moda,21246
Moda,22927
Moda,84876D
Moda,84313C
Moda,23427
Moda,79163
Moda,21397
Moda,21421
Moda,21089
Moda,21823
Moda,84563B
Moda,47013A
Moda,84576
Moda,85032D
Foodies,44242B
Foodies,85167B
Tecnologia,PADS
Tecnologia,22785
Tecnologia,84731
Tecnologia,23065
Aventura,16202B
Aventura,23060
Aventura,23057
Aventura,23253
Moda,23057
Health & Wellness,23348
Aventura,23066
Moda,23068
Health & Wellness,23075
Tecnologia,23153
Moda,90036C
Moda,23075
Moda,23073
Tecnologia,90135A
Health & Wellness,90159
Moda,23146
Moda,23061
Health & Wellness,20823
Foodies,20827
Tecnologia,23055
Moda,23056
Tecnologia,20997
Foodies,23140
Moda,23141
Tecnologia,23135
Aventura,23132
Foodies,23152
Aventura,23134
Moda,23133
Health & Wellness,84990
Tecnologia,23147
Moda,23148
Foodies,23144
Aventura,23142
Tecnologia,23136
Aventura,23139
Aventura,23138
Foodies,23150
Aventura,23145
Health & Wellness,84906
Tecnologia,85017C
Tecnologia,21181
Tecnologia,21319
Tecnologia,22548
Tecnologia,48189
Tecnologia,21829
Tecnologia,37327
Tecnologia,84507C
Tecnologia,23595
Tecnologia,21794
Tecnologia,22687
Tecnologia,84531B
Tecnologia,84531A
Foodies,90025B
Moda,23137
Health & Wellness,16049
Tecnologia,23069
Tecnologia,16244B
Aventura,23131
Foodies,23067
Health & Wellness,47341B
Foodies,62097B
Tecnologia,62043B
Tecnologia,23163
Tecnologia,23284
Tecnologia,23283
Health & Wellness,23162
Foodies,84228
Moda,84016
Moda,72811
Health & Wellness,20816
Aventura,23048
Foodies,23042
Aventura,23041
Aventura,23040
Health & Wellness,23040
Tecnologia,23064
Aventura,85225
Moda,37471
Tecnologia,23130
Tecnologia,84629
Health & Wellness,22987
Foodies,20836
Aventura,23160
Moda,23161
Health & Wellness,23164
Moda,23149
Aventura,23148
Moda,84705C
Tecnologia,22655
Tecnologia,23143
Moda,23299
Tecnologia,23298
Aventura,23070
Foodies,23151
Foodies,23043
Foodies,23045
Health & Wellness,23041
Moda,23298
Moda,20964
Tecnologia,23200
Aventura,84859B
Health & Wellness,23202
Health & Wellness,23200
Health & Wellness,23203
Health & Wellness,23209
Health & Wellness,23072
Tecnologia,23043
Tecnologia,23046
Moda,23047
Tecnologia,23044
Tecnologia,23044
Tecnologia,23047
Aventura,90036A
Tecnologia,90083
Aventura,23282
Aventura,23280
Tecnologia,23190
Moda,23191
Aventura,23192
Health & Wellness,23191
Aventura,23175
Tecnologia,23174
Foodies,23173
Foodies,23172
Health & Wellness,23171
Tecnologia,23170
Tecnologia,23081
Moda,23084
Moda,23281
Health & Wellness,23118
Foodies,23096
Aventura,23091
Health & Wellness,23094
Health & Wellness,23108
Moda,23080
Tecnologia,23081
Foodies,23110
Moda,23100
Moda,23102
Aventura,23061
Foodies,23082
Moda,16151A
Moda,23093
Tecnologia,23280
Moda,23109
Tecnologia,23103
Foodies,23068
Aventura,23056
Moda,23112
Health & Wellness,23111
Foodies,23079
Tecnologia,23167
Tecnologia,23168
Foodies,23131
Moda,23130
Moda,23169
Health & Wellness,23165
Tecnologia,23066
Foodies,23101
Tecnologia,23089
Moda,23107
Tecnologia,23169
Moda,23168
Foodies,23088
Aventura,23103
Foodies,23106
Tecnologia,23107
Aventura,23087
Foodies,23091
Moda,23106
Health & Wellness,23282
Tecnologia,23281
Aventura,23083
Aventura,23301
Health & Wellness,23300
Foodies,23302
Health & Wellness,47574B
Aventura,23090
Health & Wellness,23092
Moda,23085
Tecnologia,23099
Moda,23086
Moda,22179
Moda,23129
Health & Wellness,90081B
Health & Wellness,84804B
Tecnologia,84984B
Health & Wellness,84984A
Aventura,90149
Moda,23145
Foodies,23020
Tecnologia,90018C
Tecnologia,23228
Aventura,23227
Health & Wellness,23086
Moda,23444
Health & Wellness,22268
Health & Wellness,20667
Moda,23226
Health & Wellness,85184C
Health & Wellness,85184c
Moda,23221
Tecnologia,84206C
Aventura,23214
Aventura,23215
Tecnologia,23210
Foodies,23213
Health & Wellness,23212
Moda,23219
Tecnologia,23224
Tecnologia,23211
Tecnologia,23216
Foodies,23217
Health & Wellness,23225
Aventura,84801A
Tecnologia,22900
Tecnologia,23275
Moda,23263
Tecnologia,23045
Tecnologia,23309
Aventura,23270
Foodies,23307
Foodies,23306
Aventura,23308
Tecnologia,23273
Aventura,23274
Health & Wellness,90025E
Tecnologia,22986
Moda,21373
Health & Wellness,90102
Tecnologia,23240
Tecnologia,23238
Health & Wellness,35916B
Tecnologia,20901
Health & Wellness,23243
Health & Wellness,84415A
Tecnologia,23245
Moda,23239
Aventura,23236
Moda,23235
Moda,23244
Foodies,23241
Moda,23242
Moda,23247
Moda,23244
Tecnologia,23237
Tecnologia,22950
Moda,35966
Tecnologia,23310
Aventura,23321
Health & Wellness,23236
Aventura,23220
Aventura,37471
Aventura,22923
Aventura,79163
Aventura,79051A
Aventura,23264
Health & Wellness,23265
Tecnologia,23266
Foodies,23269
Tecnologia,23268
Tecnologia,23252
Health & Wellness,23322
Moda,77079
Foodies,23286
Aventura,23338
Tecnologia,23285
Foodies,23288
Aventura,23343
Health & Wellness,47310M
Tecnologia,90036B
Foodies,90001B
Foodies,23271
Tecnologia,23335
Foodies,23339
Foodies,23336
Tecnologia,23337
Foodies,23292
Moda,23291
Tecnologia,23289
Moda,23290
Tecnologia,23287
Foodies,23188
Aventura,23235
Moda,23244
Moda,23251
Foodies,23249
Health & Wellness,23250
Tecnologia,23005
Aventura,23229
Moda,23234
Aventura,23012
Moda,23014
Health & Wellness,84551
Aventura,23035
Aventura,23020
Tecnologia,23032
Foodies,23028
Tecnologia,23031
Health & Wellness,23029
Tecnologia,23033
Health & Wellness,23034
Foodies,23013
Foodies,23229
Tecnologia,16254
Health & Wellness,23344
Health & Wellness,23032
Tecnologia,23028
Moda,23022
Tecnologia,gift_0001_20
Tecnologia,35965
Aventura,23016
Moda,23026
Moda,23119
Moda,23292
Aventura,23015
Foodies,23123
Health & Wellness,23122
Moda,23120
Moda,23121
Tecnologia,23124
Aventura,23125
Tecnologia,23039
Aventura,23021
Moda,21360
Tecnologia,23023
Moda,84679
Moda,23019
Health & Wellness,23272
Moda,23036
Aventura,23232
Health & Wellness,23198
Tecnologia,23027
Moda,23024
Health & Wellness,23223
Health & Wellness,23222
Moda,23197
Aventura,23196
Health & Wellness,23267
Tecnologia,23323
Health & Wellness,23315
Aventura,23316
Moda,23342
Moda,23341
Foodies,23196
Moda,23037
Moda,23197
Aventura,23271
Moda,90176D
Foodies,23317
Health & Wellness,23017
Moda,23018
Tecnologia,23031
Moda,23029
Aventura,23025
Aventura,22734
Health & Wellness,23020
Tecnologia,22999
Moda,84746
Tecnologia,20622
Moda,21899
Moda,23214
Health & Wellness,23196
Tecnologia,23318
Tecnologia,90025F
Aventura,81953B
Aventura,81952B
Tecnologia,81952V
Aventura,81950V
Health & Wellness,81950B
Aventura,23237
Moda,23320
Tecnologia,23283
Moda,23574
Aventura,23196
Foodies,90011C
Tecnologia,23319
Tecnologia,90043
Tecnologia,90049
Moda,90046
Foodies,90048
Moda,84706F
Health & Wellness,44242A
Tecnologia,35645
Health & Wellness,23038
Moda,23313
Tecnologia,23296
Tecnologia,23294
Tecnologia,23293
Foodies,23295
Health & Wellness,23297
Foodies,71143
Moda,90067B
Moda,84924F
Tecnologia,81953P
Health & Wellness,35638B
Health & Wellness,23252
Tecnologia,23250
Health & Wellness,23251
Aventura,23311
Tecnologia,20713
Health & Wellness,23314
Foodies,90126C
Aventura,90127A
Health & Wellness,23109
Aventura,23312
Aventura,90030A
Moda,90141E
Aventura,23550
Moda,21181
Moda,20665
Moda,21804
Moda,22043
Aventura,23218
Health & Wellness,37491B
Health & Wellness,37491C
Tecnologia,90182A
Moda,84402B
Foodies,23549
Health & Wellness,23546
Foodies,16162M
Health & Wellness,84857B
Moda,84732D
Moda,84732B
Moda,23545
Aventura,23547
Tecnologia,23548
Tecnologia,90130A
Moda,84387A
Tecnologia,16169E
Moda,23346
Health & Wellness,23345
Aventura,23347
Aventura,DCGS0003
Aventura,DCGS0069
Aventura,DCGS0068
Aventura,DCGS0067
Aventura,DCGS0073
Moda,84984D
Tecnologia,79336
Aventura,22407
Moda,23340
Foodies,35650
Aventura,23360
Tecnologia,23359
Health & Wellness,23373
Aventura,23436
Foodies,23353
Health & Wellness,23354
Moda,23374
Moda,23438
Moda,23189
Moda,23349
Foodies,23350
Foodies,23438
Health & Wellness,23352
Health & Wellness,23351
Aventura,23236
Moda,23203
Tecnologia,23209
Health & Wellness,22939
Health & Wellness,23240
Moda,23324
Foodies,90209A
Tecnologia,23203
Tecnologia,23209
Foodies,23360
Health & Wellness,23236
Tecnologia,23332
Foodies,23329
Health & Wellness,44235
Tecnologia,23330
Moda,23334
Aventura,23333
Moda,23328
Tecnologia,23231
Health & Wellness,23240
Tecnologia,23331
Health & Wellness,23327
Moda,23359
Tecnologia,23326
Tecnologia,23325
Foodies,35817P
Moda,23545
Foodies,90052
Foodies,23325
Tecnologia,35597D
Tecnologia,35818B
Tecnologia,23324
Moda,23436
Foodies,23357
Foodies,23358
Health & Wellness,23375
Foodies,23356
Aventura,84206A
Tecnologia,84201B
Tecnologia,23355
Aventura,90176E
Moda,23437
Health & Wellness,23015
Tecnologia,23445
Moda,23439
Foodies,23431
Health & Wellness,23433
Tecnologia,84201C
Moda,82486
Aventura,17107D
Moda,21507
Moda,71459
Health & Wellness,CRUK
Moda,22129
Aventura,23432
Moda,22776
Aventura,23376
Moda,23378
Tecnologia,23551
Foodies,22466
Moda,23620
Moda,23623
Moda,23634
Foodies,23396
Foodies,23395
Moda,23394
Tecnologia,23407
Moda,23393
Foodies,23427
Moda,23397
Health & Wellness,23377
Tecnologia,23399
Aventura,23411
Moda,23398
Aventura,23396
Health & Wellness,23425
Tecnologia,23414
Foodies,23424
Foodies,23404
Moda,23406
Tecnologia,23405
Moda,23379
Tecnologia,23381
Moda,23380
Aventura,23402
Foodies,23403
Health & Wellness,23437
Tecnologia,23426
Health & Wellness,23412
Tecnologia,23392
Moda,23400
Tecnologia,23249
Tecnologia,23614
Health & Wellness,23637
Moda,23415
Moda,23417
Tecnologia,23402
Tecnologia,23413
Health & Wellness,23409
Moda,23640
Aventura,23408
Aventura,23401
Tecnologia,23422
Tecnologia,23613
Aventura,23646
Moda,23410
Tecnologia,23064
Foodies,23559
Aventura,23423
Tecnologia,23421
Tecnologia,22355
Tecnologia,22823
Health & Wellness,23435
Moda,23418
Health & Wellness,23419
Moda,23434
Health & Wellness,23391
Moda,23390
Tecnologia,23389
Foodies,23074
Health & Wellness,23388
Tecnologia,23212
Moda,22035
Health & Wellness,23084
Health & Wellness,23416
Foodies,23611
Moda,23084
Foodies,23084
Health & Wellness,23607
Health & Wellness,23058
Aventura,23420
Health & Wellness,23625
Foodies,23639
Health & Wellness,23113
Foodies,82613A
Foodies,22927
Foodies,21868
Foodies,85049B
Foodies,22087
Foodies,23084
Foodies,21888
Health & Wellness,35819P
Foodies,84805B
Foodies,23396
Foodies,17107D
Tecnologia,23629
Tecnologia,23630
Moda,23503
Foodies,23366
Moda,23367
Health & Wellness,23504
Aventura,23371
Foodies,23506
Aventura,23502
Aventura,23370
Foodies,23366
Moda,23493
Moda,23365
Tecnologia,23369
Health & Wellness,23520
Aventura,23511
Tecnologia,23517
Aventura,23370
Tecnologia,23368
Moda,23505
Health & Wellness,23372
Moda,23512
Foodies,23515
Health & Wellness,23514
Health & Wellness,23518
Tecnologia,23510
Health & Wellness,23508
Tecnologia,23509
Tecnologia,23507
Moda,23513
Aventura,23624
Aventura,20935
Foodies,23390
Aventura,23389
Foodies,23502
Health & Wellness,20678
Tecnologia,23610
Moda,84247E
Aventura,23601
Moda,23632
Tecnologia,23516
Moda,23519
Aventura,23494
Foodies,23638
Moda,23650
Foodies,79051A
Health & Wellness,23461
Aventura,23466
Health & Wellness,23469
Moda,23484
Tecnologia,23114
Moda,23117
Health & Wellness,23115
Health & Wellness,23471
Aventura,23116
Health & Wellness,23644
Aventura,23472
Tecnologia,23470
Health & Wellness,23524
Moda,23535
Health & Wellness,23534
Aventura,23541
Foodies,23525
Moda,23532
Moda,23539
Aventura,23522
Tecnologia,23526
Foodies,23533
Health & Wellness,23542
Health & Wellness,23528
Tecnologia,23543
Moda,23530
Tecnologia,23538
Moda,23521
Health & Wellness,23523
Aventura,23531
Foodies,23527
Moda,23483
Aventura,23529
Tecnologia,23536
Moda,23544
Aventura,23540
Tecnologia,23537
Moda,23543
Health & Wellness,23535
Health & Wellness,23525
Aventura,23536
Moda,23534
Tecnologia,23526
Aventura,23528
Moda,23604
Tecnologia,23626
Moda,23537
Health & Wellness,23542
Aventura,23500
Moda,23524
Aventura,23527
Health & Wellness,85185B
Health & Wellness,23484
Tecnologia,23521
Aventura,23465
Moda,23501
Tecnologia,23535
Foodies,23188
Aventura,84944
Moda,23529
Moda,23605
Tecnologia,23619
Aventura,23635
Foodies,23391
Aventura,23370
Aventura,23366
Tecnologia,23388
Health & Wellness,23522
Moda,23343
Moda,20713
Health & Wellness,23539
Tecnologia,23530
Moda,23541
Health & Wellness,23612
Moda,23468
Moda,82600
Health & Wellness,22449
Tecnologia,79157V
Aventura,90189A
Tecnologia,90014A
Foodies,90014B
Tecnologia,23466
Foodies,23540
Health & Wellness,23448
Foodies,23447
Moda,23446
Moda,23523
Tecnologia,85115B
Moda,90065B
Foodies,23382
Health & Wellness,23660
Moda,23661
Foodies,23564
Moda,22804
Moda,23567
Foodies,23487
Health & Wellness,23490
Health & Wellness,23453
Moda,23452
Aventura,23451
Moda,23482
Moda,23603
Moda,23459
Tecnologia,23565
Health & Wellness,23456
Tecnologia,23463
Health & Wellness,23464
Tecnologia,23457
Tecnologia,23455
Moda,23568
Tecnologia,23566
Aventura,23467
Tecnologia,23479
Tecnologia,23481
Moda,23579
Moda,23579
Tecnologia,23413
Aventura,23702
Moda,23558
Tecnologia,23556
Tecnologia,23554
Tecnologia,23557
Foodies,23555
Aventura,23480
Tecnologia,23553
Moda,23489
Foodies,23491
Foodies,23492
Aventura,23477
Aventura,23478
Moda,23476
Health & Wellness,23486
Health & Wellness,23473
Aventura,23460
Foodies,23462
Moda,23499
Aventura,23485
Moda,23489
Tecnologia,23570
Foodies,23454
Aventura,23571
Health & Wellness,23569
Tecnologia,23305
Moda,23454
Tecnologia,23474
Tecnologia,20967
Foodies,20713
Aventura,23636
Foodies,21232
Tecnologia,23582
Moda,23583
Tecnologia,23581
Health & Wellness,79157B
Health & Wellness,23595
Health & Wellness,22950
Aventura,22416
Health & Wellness,22949
Tecnologia,23413
Health & Wellness,23306
Tecnologia,23303
Moda,23475
Tecnologia,23615
Tecnologia,23645
Tecnologia,23654
Tecnologia,35600A
Health & Wellness,82001S
Health & Wellness,82001s
Foodies,85135C
Moda,23497
Health & Wellness,23304
Tecnologia,23495
Health & Wellness,23496
Moda,23628
Moda,23633
Tecnologia,23643
Tecnologia,22687
Moda,47016
Health & Wellness,90069
Moda,23691
Foodies,23608
Foodies,23681
Tecnologia,72783
Moda,90162A
Health & Wellness,21243
Health & Wellness,79161A
Moda,23497
Aventura,23695
Tecnologia,23697
Moda,23616
Aventura,23465
Moda,23598
Health & Wellness,23597
Foodies,23621
Aventura,23627
Aventura,23457
Tecnologia,23456
Aventura,23455
Health & Wellness,23602
Health & Wellness,23664
Aventura,17191A
Aventura,35598C
Moda,23694
Health & Wellness,22812
Moda,22584
Health & Wellness,22813
Aventura,71477
Health & Wellness,21135
Moda,23649
Health & Wellness,23442
Health & Wellness,23449
Moda,21823
Aventura,35598A
Tecnologia,23428
Health & Wellness,72817
Foodies,23652
Tecnologia,71053
Moda,84206B
Moda,23430
Tecnologia,23118
Foodies,23429
Moda,90179B
Tecnologia,23441
Aventura,23440
Foodies,22848
Foodies,22925
Foodies,72807A
Tecnologia,23552
Foodies,23498
Health & Wellness,84550
Aventura,90014C
Health & Wellness,84971l
Moda,21175
Health & Wellness,23578
Moda,23580
Moda,23575
Moda,23560
Aventura,23576
Aventura,23562
Tecnologia,23561
Tecnologia,23609
Health & Wellness,23617
Health & Wellness,90214U
